<metadata xml:lang="en"><Esri><CreaDate>20250328</CreaDate><CreaTime>18070600</CreaTime><ArcGISFormat>1.0</ArcGISFormat><SyncOnce>FALSE</SyncOnce><DataProperties><itemProps><itemName Sync="TRUE">Air_Monitoring_Sites_NO2_and_SO2_HNHB_ID</itemName><imsContentType Sync="TRUE">002</imsContentType><itemLocation><linkage Sync="TRUE">file://\\GIS_COMPUTER\E$\4GA3\Project data\AirMonitoringSites_Hamiltion_Neighbourhood IDs\Air_Monitoring_Sites_NO2_and_SO2_HNHB_ID.shp</linkage><protocol Sync="TRUE">Local Area Network</protocol></itemLocation><itemSize Sync="TRUE">0.000</itemSize></itemProps><coordRef><type Sync="TRUE">Projected</type><geogcsn Sync="TRUE">GCS_North_American_1983</geogcsn><csUnits Sync="TRUE">Linear Unit: Meter (1.000000)</csUnits><projcsn Sync="TRUE">NAD_1983_UTM_Zone_17N</projcsn><peXml Sync="TRUE">&lt;ProjectedCoordinateSystem xsi:type='typens:ProjectedCoordinateSystem' xmlns:xsi='http://www.w3.org/2001/XMLSchema-instance' xmlns:xs='http://www.w3.org/2001/XMLSchema' xmlns:typens='http://www.esri.com/schemas/ArcGIS/3.3.0'&gt;&lt;WKT&gt;PROJCS[&amp;quot;NAD_1983_UTM_Zone_17N&amp;quot;,GEOGCS[&amp;quot;GCS_North_American_1983&amp;quot;,DATUM[&amp;quot;D_North_American_1983&amp;quot;,SPHEROID[&amp;quot;GRS_1980&amp;quot;,6378137.0,298.257222101]],PRIMEM[&amp;quot;Greenwich&amp;quot;,0.0],UNIT[&amp;quot;Degree&amp;quot;,0.0174532925199433]],PROJECTION[&amp;quot;Transverse_Mercator&amp;quot;],PARAMETER[&amp;quot;False_Easting&amp;quot;,500000.0],PARAMETER[&amp;quot;False_Northing&amp;quot;,0.0],PARAMETER[&amp;quot;Central_Meridian&amp;quot;,-81.0],PARAMETER[&amp;quot;Scale_Factor&amp;quot;,0.9996],PARAMETER[&amp;quot;Latitude_Of_Origin&amp;quot;,0.0],UNIT[&amp;quot;Meter&amp;quot;,1.0],AUTHORITY[&amp;quot;EPSG&amp;quot;,26917]]&lt;/WKT&gt;&lt;XOrigin&gt;-5120900&lt;/XOrigin&gt;&lt;YOrigin&gt;-9998100&lt;/YOrigin&gt;&lt;XYScale&gt;450445547.3910538&lt;/XYScale&gt;&lt;ZOrigin&gt;-100000&lt;/ZOrigin&gt;&lt;ZScale&gt;10000&lt;/ZScale&gt;&lt;MOrigin&gt;-100000&lt;/MOrigin&gt;&lt;MScale&gt;10000&lt;/MScale&gt;&lt;XYTolerance&gt;0.001&lt;/XYTolerance&gt;&lt;ZTolerance&gt;0.001&lt;/ZTolerance&gt;&lt;MTolerance&gt;0.001&lt;/MTolerance&gt;&lt;HighPrecision&gt;true&lt;/HighPrecision&gt;&lt;WKID&gt;26917&lt;/WKID&gt;&lt;LatestWKID&gt;26917&lt;/LatestWKID&gt;&lt;/ProjectedCoordinateSystem&gt;</peXml></coordRef><lineage><Process ToolSource="c:\users\naoya\appdata\local\programs\arcgis\pro\Resources\ArcToolbox\toolboxes\Conversion Tools.tbx\ExportFeatures" Date="20250328" Time="180706">ExportFeatures Air_Monitoring_Sites "E:\4GA3\Project data\Project data\Default.gdb\Air_Monitoring_Sites_NO2_and_SO2" # NOT_USE_ALIAS "OBJECTID "OBJECTID" true true false 4 Short 0 4,First,#,Air_Monitoring_Sites,OBJECTID,-1,-1;POLLUTANT_ "POLLUTANT_" true true false 3 Text 0 0,First,#,Air_Monitoring_Sites,POLLUTANT_,0,2;CONCENTRAT "CONCENTRAT" true true false 24 Double 15 23,First,#,Air_Monitoring_Sites,CONCENTRAT,-1,-1;UNIT "UNIT" true true false 3 Text 0 0,First,#,Air_Monitoring_Sites,UNIT,0,2;START_DATE "START_DATE" true true false 8 Date 0 0,First,#,Air_Monitoring_Sites,START_DATE,-1,-1;END_DATE "END_DATE" true true false 8 Date 0 0,First,#,Air_Monitoring_Sites,END_DATE,-1,-1;LONGITUDE "LONGITUDE" true true false 24 Double 15 23,First,#,Air_Monitoring_Sites,LONGITUDE,-1,-1;LATITUDE "LATITUDE" true true false 24 Double 15 23,First,#,Air_Monitoring_Sites,LATITUDE,-1,-1;SE_ANNO_CA "SE_ANNO_CA" true true false 1 Text 0 0,First,#,Air_Monitoring_Sites,SE_ANNO_CA,0,0" #</Process><Process ToolSource="c:\users\naoya\appdata\local\programs\arcgis\pro\Resources\ArcToolbox\toolboxes\Data Management Tools.tbx\UpdateSchema" Date="20250328" Time="180902">UpdateSchema "CIMDATA=&lt;CIMStandardDataConnection xsi:type='typens:CIMStandardDataConnection' xmlns:xsi='http://www.w3.org/2001/XMLSchema-instance' xmlns:xs='http://www.w3.org/2001/XMLSchema' xmlns:typens='http://www.esri.com/schemas/ArcGIS/3.3.0'&gt;&lt;WorkspaceConnectionString&gt;DATABASE=E:\4GA3\Project data\Project data\Default.gdb&lt;/WorkspaceConnectionString&gt;&lt;WorkspaceFactory&gt;FileGDB&lt;/WorkspaceFactory&gt;&lt;Dataset&gt;Air_Monitoring_Sites_NO2_and_SO2&lt;/Dataset&gt;&lt;DatasetType&gt;esriDTFeatureClass&lt;/DatasetType&gt;&lt;/CIMStandardDataConnection&gt;" &lt;operationSequence&gt;&lt;workflow&gt;&lt;AddField&gt;&lt;field_name&gt;HNHB_ID&lt;/field_name&gt;&lt;field_type&gt;TEXT&lt;/field_type&gt;&lt;field_length&gt;6&lt;/field_length&gt;&lt;field_is_nullable&gt;True&lt;/field_is_nullable&gt;&lt;field_is_required&gt;False&lt;/field_is_required&gt;&lt;/AddField&gt;&lt;/workflow&gt;&lt;/operationSequence&gt;</Process><Process ToolSource="c:\users\naoya\appdata\local\programs\arcgis\pro\Resources\ArcToolbox\toolboxes\Conversion Tools.tbx\ExportFeatures" Date="20250331" Time="215846">ExportFeatures Air_Monitoring_Sites_NO2_and_SO2 "E:\4GA3\Project data\Project data\Default.gdb\Air_Monitoring_Sites_NO2_and_SO2_HNHB_ID" # NOT_USE_ALIAS "OBJECTID_1 "OBJECTID" true true false 2 Short 0 0,First,#,Air_Monitoring_Sites_NO2_and_SO2,OBJECTID_1,-1,-1;POLLUTANT_ "POLLUTANT_" true true false 3 Text 0 0,First,#,Air_Monitoring_Sites_NO2_and_SO2,POLLUTANT_,0,2;CONCENTRAT "CONCENTRAT" true true false 8 Double 0 0,First,#,Air_Monitoring_Sites_NO2_and_SO2,CONCENTRAT,-1,-1;UNIT "UNIT" true true false 3 Text 0 0,First,#,Air_Monitoring_Sites_NO2_and_SO2,UNIT,0,2;START_DATE "START_DATE" true true false 8 Date 0 0,First,#,Air_Monitoring_Sites_NO2_and_SO2,START_DATE,-1,-1;END_DATE "END_DATE" true true false 8 Date 0 0,First,#,Air_Monitoring_Sites_NO2_and_SO2,END_DATE,-1,-1;LONGITUDE "LONGITUDE" true true false 8 Double 0 0,First,#,Air_Monitoring_Sites_NO2_and_SO2,LONGITUDE,-1,-1;LATITUDE "LATITUDE" true true false 8 Double 0 0,First,#,Air_Monitoring_Sites_NO2_and_SO2,LATITUDE,-1,-1;SE_ANNO_CA "SE_ANNO_CA" true true false 1 Text 0 0,First,#,Air_Monitoring_Sites_NO2_and_SO2,SE_ANNO_CA,0,0;HNHB_ID "HNHB_ID" true true false 6 Text 0 0,First,#,Air_Monitoring_Sites_NO2_and_SO2,HNHB_ID,0,5" #</Process><Process ToolSource="c:\users\naoya\appdata\local\programs\arcgis\pro\Resources\ArcToolbox\toolboxes\Conversion Tools.tbx\ExportFeatures" Date="20250331" Time="223219">ExportFeatures Air_Monitoring_Sites_NO2_and_SO2_HNHB_ID "E:\4GA3\Project data\AirMonitoringSites_Hamiltion_Neighbourhood IDs\Air_Monitoring_Sites_NO2_and_SO2_HNHB_ID.shp" # NOT_USE_ALIAS "OBJECTID_1 "OBJECTID" true true false 2 Short 0 0,First,#,Air_Monitoring_Sites_NO2_and_SO2_HNHB_ID,OBJECTID_1,-1,-1;POLLUTANT_ "POLLUTANT_" true true false 3 Text 0 0,First,#,Air_Monitoring_Sites_NO2_and_SO2_HNHB_ID,POLLUTANT_,0,2;CONCENTRAT "CONCENTRAT" true true false 8 Double 0 0,First,#,Air_Monitoring_Sites_NO2_and_SO2_HNHB_ID,CONCENTRAT,-1,-1;UNIT "UNIT" true true false 3 Text 0 0,First,#,Air_Monitoring_Sites_NO2_and_SO2_HNHB_ID,UNIT,0,2;START_DATE "START_DATE" true true false 8 Date 0 0,First,#,Air_Monitoring_Sites_NO2_and_SO2_HNHB_ID,START_DATE,-1,-1;END_DATE "END_DATE" true true false 8 Date 0 0,First,#,Air_Monitoring_Sites_NO2_and_SO2_HNHB_ID,END_DATE,-1,-1;LONGITUDE "LONGITUDE" true true false 8 Double 0 0,First,#,Air_Monitoring_Sites_NO2_and_SO2_HNHB_ID,LONGITUDE,-1,-1;LATITUDE "LATITUDE" true true false 8 Double 0 0,First,#,Air_Monitoring_Sites_NO2_and_SO2_HNHB_ID,LATITUDE,-1,-1;SE_ANNO_CA "SE_ANNO_CA" true true false 1 Text 0 0,First,#,Air_Monitoring_Sites_NO2_and_SO2_HNHB_ID,SE_ANNO_CA,0,0;HNHB_ID "HNHB_ID" true true false 6 Text 0 0,First,#,Air_Monitoring_Sites_NO2_and_SO2_HNHB_ID,HNHB_ID,0,5" #</Process></lineage></DataProperties><SyncDate>20250331</SyncDate><SyncTime>22321900</SyncTime><ModDate>20250331</ModDate><ModTime>22321900</ModTime></Esri><dataIdInfo><envirDesc Sync="TRUE">Microsoft Windows 10 Version 10.0 (Build 26100) ; Esri ArcGIS 13.3.0.52636</envirDesc><dataLang><languageCode value="eng" Sync="TRUE"></languageCode><countryCode value="CAN" Sync="TRUE"></countryCode></dataLang><idCitation><resTitle Sync="TRUE">Air_Monitoring_Sites_NO2_and_SO2_HNHB_ID</resTitle><presForm><PresFormCd value="005" Sync="TRUE"></PresFormCd></presForm></idCitation><spatRpType><SpatRepTypCd value="001" Sync="TRUE"></SpatRepTypCd></spatRpType></dataIdInfo><mdLang><languageCode value="eng" Sync="TRUE"></languageCode><countryCode value="CAN" Sync="TRUE"></countryCode></mdLang><distInfo><distFormat><formatName Sync="TRUE">Shapefile</formatName></distFormat><distTranOps><transSize Sync="TRUE">0.000</transSize></distTranOps></distInfo><mdHrLv><ScopeCd value="005" Sync="TRUE"></ScopeCd></mdHrLv><mdHrLvName Sync="TRUE">dataset</mdHrLvName><refSysInfo><RefSystem><refSysID><identCode code="26917" Sync="TRUE"></identCode><idCodeSpace Sync="TRUE">EPSG</idCodeSpace><idVersion Sync="TRUE">6.11(3.0.1)</idVersion></refSysID></RefSystem></refSysInfo><spatRepInfo><VectSpatRep><geometObjs Name="Air_Monitoring_Sites_NO2_and_SO2_HNHB_ID"><geoObjTyp><GeoObjTypCd value="004" Sync="TRUE"></GeoObjTypCd></geoObjTyp><geoObjCnt Sync="TRUE">0</geoObjCnt></geometObjs><topLvl><TopoLevCd value="001" Sync="TRUE"></TopoLevCd></topLvl></VectSpatRep></spatRepInfo><spdoinfo><ptvctinf><esriterm Name="Air_Monitoring_Sites_NO2_and_SO2_HNHB_ID"><efeatyp Sync="TRUE">Simple</efeatyp><efeageom code="1" Sync="TRUE"></efeageom><esritopo Sync="TRUE">FALSE</esritopo><efeacnt Sync="TRUE">0</efeacnt><spindex Sync="TRUE">FALSE</spindex><linrefer Sync="TRUE">FALSE</linrefer></esriterm></ptvctinf></spdoinfo><eainfo><detailed Name="Air_Monitoring_Sites_NO2_and_SO2_HNHB_ID"><enttyp><enttypl Sync="TRUE">Air_Monitoring_Sites_NO2_and_SO2_HNHB_ID</enttypl><enttypt Sync="TRUE">Feature Class</enttypt><enttypc Sync="TRUE">0</enttypc></enttyp><attr><attrlabl Sync="TRUE">FID</attrlabl><attalias Sync="TRUE">FID</attalias><attrtype Sync="TRUE">OID</attrtype><attwidth Sync="TRUE">4</attwidth><atprecis Sync="TRUE">0</atprecis><attscale Sync="TRUE">0</attscale><attrdef Sync="TRUE">Internal feature number.</attrdef><attrdefs Sync="TRUE">Esri</attrdefs><attrdomv><udom Sync="TRUE">Sequential unique whole numbers that are automatically generated.</udom></attrdomv></attr><attr><attrlabl Sync="TRUE">Shape</attrlabl><attalias Sync="TRUE">Shape</attalias><attrtype Sync="TRUE">Geometry</attrtype><attwidth Sync="TRUE">0</attwidth><atprecis Sync="TRUE">0</atprecis><attscale Sync="TRUE">0</attscale><attrdef Sync="TRUE">Feature geometry.</attrdef><attrdefs Sync="TRUE">Esri</attrdefs><attrdomv><udom Sync="TRUE">Coordinates defining the features.</udom></attrdomv></attr><attr><attrlabl Sync="TRUE">OBJECTID_1</attrlabl><attalias Sync="TRUE">OBJECTID_1</attalias><attrtype Sync="TRUE">Integer</attrtype><attwidth Sync="TRUE">5</attwidth><atprecis Sync="TRUE">5</atprecis><attscale Sync="TRUE">0</attscale></attr><attr><attrlabl Sync="TRUE">POLLUTANT_</attrlabl><attalias Sync="TRUE">POLLUTANT_</attalias><attrtype Sync="TRUE">String</attrtype><attwidth Sync="TRUE">3</attwidth><atprecis Sync="TRUE">0</atprecis><attscale Sync="TRUE">0</attscale></attr><attr><attrlabl Sync="TRUE">CONCENTRAT</attrlabl><attalias Sync="TRUE">CONCENTRAT</attalias><attrtype Sync="TRUE">Double</attrtype><attwidth Sync="TRUE">19</attwidth><atprecis Sync="TRUE">0</atprecis><attscale Sync="TRUE">0</attscale></attr><attr><attrlabl Sync="TRUE">UNIT</attrlabl><attalias Sync="TRUE">UNIT</attalias><attrtype Sync="TRUE">String</attrtype><attwidth Sync="TRUE">3</attwidth><atprecis Sync="TRUE">0</atprecis><attscale Sync="TRUE">0</attscale></attr><attr><attrlabl Sync="TRUE">START_DATE</attrlabl><attalias Sync="TRUE">START_DATE</attalias><attrtype Sync="TRUE">Date</attrtype><attwidth Sync="TRUE">8</attwidth><atprecis Sync="TRUE">0</atprecis><attscale Sync="TRUE">0</attscale></attr><attr><attrlabl Sync="TRUE">END_DATE</attrlabl><attalias Sync="TRUE">END_DATE</attalias><attrtype Sync="TRUE">Date</attrtype><attwidth Sync="TRUE">8</attwidth><atprecis Sync="TRUE">0</atprecis><attscale Sync="TRUE">0</attscale></attr><attr><attrlabl Sync="TRUE">LONGITUDE</attrlabl><attalias Sync="TRUE">LONGITUDE</attalias><attrtype Sync="TRUE">Double</attrtype><attwidth Sync="TRUE">19</attwidth><atprecis Sync="TRUE">0</atprecis><attscale Sync="TRUE">0</attscale></attr><attr><attrlabl Sync="TRUE">LATITUDE</attrlabl><attalias Sync="TRUE">LATITUDE</attalias><attrtype Sync="TRUE">Double</attrtype><attwidth Sync="TRUE">19</attwidth><atprecis Sync="TRUE">0</atprecis><attscale Sync="TRUE">0</attscale></attr><attr><attrlabl Sync="TRUE">SE_ANNO_CA</attrlabl><attalias Sync="TRUE">SE_ANNO_CA</attalias><attrtype Sync="TRUE">String</attrtype><attwidth Sync="TRUE">1</attwidth><atprecis Sync="TRUE">0</atprecis><attscale Sync="TRUE">0</attscale></attr><attr><attrlabl Sync="TRUE">HNHB_ID</attrlabl><attalias Sync="TRUE">HNHB_ID</attalias><attrtype Sync="TRUE">String</attrtype><attwidth Sync="TRUE">6</attwidth><atprecis Sync="TRUE">0</atprecis><attscale Sync="TRUE">0</attscale></attr></detailed></eainfo><mdDateSt Sync="TRUE">20250331</mdDateSt></metadata>
